{"cameraMode":{"drawMode":0,"name":"Shaded","section":"Shading Mode"},"sceneLighting":true,"audioPlay":false,"sceneViewState":{"m_AlwaysRefresh":false,"showFog":true,"showSkybox":true,"showFlares":true,"showImageEffects":true,"showParticleSystems":true,"showVisualEffectGraphs":true,"m_FxEnabled":true},"in2DMode":false,"pivot":{"x":-2.522336959838867,"y":0.8248207569122315,"z":1.3664417266845704},"rotation":{"x":0.08784174919128418,"y":0.07584165036678314,"z":-0.0067082419991493229,"w":0.9932381510734558},"size":2.505580186843872,"orthographic":true}