{"cameraMode":{"drawMode":0,"name":"Shaded","section":"Shading Mode"},"sceneLighting":false,"audioPlay":false,"sceneViewState":{"m_AlwaysRefresh":false,"showFog":true,"showSkybox":false,"showFlares":true,"showImageEffects":true,"showParticleSystems":true,"showVisualEffectGraphs":true,"m_FxEnabled":true},"in2DMode":false,"pivot":{"x":-1.7839597463607789,"y":0.9023587107658386,"z":-2.172786235809326},"rotation":{"x":0.08784174919128418,"y":0.07584165036678314,"z":-0.0067082419991493229,"w":0.9932381510734558},"size":2.235222101211548,"orthographic":true}